ant_number,iterations,pheromone_evaporation,alpha,beta,result
52,33,0.3717390519567844,3.5,2.8874385332110095,8828.045908842778
56,36,0.390664564077062,3.5,2.026459306220448,8931.2017467186
52,26,0.7464650732367604,3.5,2.540750568661278,8984.762745434395
54,39,0.6008088483741734,3.379973125209429,2.0,9187.278318367808
62,36,0.6478600984798122,3.5,2.0,9296.841952666206
