ant_number,iterations,pheromone_evaporation,alpha,beta,result
"ant_numbera""iterations""a""pheromone_evaporation""a""alpha""a""beta""aepsilonaresult",,,,,
52a60a0.3a1.5a3.5a0.1a12248.781870120334,,,,,
48a68a0.3047521238903178a1.4929386636631925a3.535728208932207a0.09623100897757814a12193.616677638018,,,,,
50a57a0.2986312916148084a1.503756346634567a3.4669594822421366a0.08325786894008669a12336.534398040663,,,,,
57a65a0.2928587812371312a1.5160540438557235a3.503962039823351a0.08755805637364715a12153.847990445563,,,,,
